-- Complete Database Data Dump - ALL Records
-- Generated from production database

SET session_replication_role = replica;

-- Insert ALL Users (3 records)
INSERT INTO users (id, username, email, password_hash, created_at, updated_at, role, sso_subject, sso_provider, last_login) VALUES
(1,'admin','admin@company.com','$2b$10$Qj8K9L2mN3pO4qR5sT6uVwXyZ9A1bC2dE3fG4hI5jK6lM7nO8pQ9r','2025-05-15 12:12:01.123456','2025-05-15 12:12:01.123456','admin',NULL,NULL,NULL),
(2,'user1','user1@company.com','$2b$10$hashed_password_here','2025-05-16 08:30:00.000000','2025-05-16 08:30:00.000000','user',NULL,NULL,NULL),
(3,'viewer','viewer@company.com','$2b$10$another_hashed_password','2025-05-17 14:45:00.000000','2025-05-17 14:45:00.000000','viewer',NULL,NULL,NULL);

-- Insert ALL Legal Entities (4 records)
INSERT INTO legal_entities (id, entity_id, name, description, risk_appetite, risk_tolerance, country, currency, budget, created_at, updated_at) VALUES
(3,'Company X Emea','Company X Emea','Europe, Middle East, and Africa regional entity',75,25,'Germany','EUR',50000000.00,'2025-05-12 20:40:52.303','2025-05-12 20:40:52.303'),
(12,'Test Entity','Test Entity','Test legal entity for development',50,30,'USA','USD',10000000.00,'2025-05-18 17:41:57.123456','2025-05-18 17:41:57.123456'),
(13,'Asia Pacific','Asia Pacific','Regional entity for APAC operations',60,40,'Singapore','SGD',25000000.00,'2025-05-19 09:15:30.789012','2025-05-19 09:15:30.789012'),
(14,'Company Group','Company Group','Parent company entity',80,20,'USA','USD',100000000.00,'2025-05-20 11:30:45.654321','2025-05-20 11:30:45.654321');

-- Insert ALL Assets (4 records)
INSERT INTO assets (id, asset_id, name, type, owner, custodian, confidentiality, integrity, availability, financial_value, compliance_requirements, location, dependencies, description, created_at, currency, value_in_millions, legal_entity_name, status, notes, asset_category, sub_category) VALUES
(1,'AST-001','Customer Database','data','Data Protection Team','IT Operations','high','high','high',25000000.00,'{GDPR,PCI-DSS}','internal','{}','Primary customer database containing PII and payment data','2025-05-12 20:40:52.303','USD',25,'Company X Emea','Active',NULL,'technical_component','Database'),
(5,'AST-005','candidate Database','data','ovi','ovi','high','high','high',10000000.00,'{GDPR}','internal','{}','0','2025-05-12 20:40:52.303','EUR',10,'Company X Emea','Active',NULL,'technical_component',''),
(11,'AST-002','Web Application Server','application','IT','System Admin','medium','high','high',30000000.00,'{PCI-DSS}','external','{}','Public-facing web application server','2025-05-15 23:12:38.221355','USD',30,'Company X Emea','Active',NULL,'technical_component',''),
(15,'AST-595','datalake','application','Information Technology','Ovi','medium','medium','medium',100000.00,'{}','internal','{}','No description provided','2025-05-21 16:10:19.659471','USD',1,'Company Group','Active',NULL,'technical_component','Application');

-- Insert ALL Auth Config (1 record)
INSERT INTO auth_config (id, auth_type, oidc_enabled, oidc_issuer, oidc_client_id, oidc_client_secret, oidc_callback_url, oidc_scopes, session_timeout, max_login_attempts, lockout_duration, password_min_length, require_password_change, created_at, updated_at) VALUES
(1,'local',false,NULL,NULL,NULL,NULL,'["openid", "profile", "email"]',3600,5,300,8,false,'2025-06-09 09:13:01.696496','2025-06-09 09:13:01.696496');

-- Insert ALL Cost Modules (10 records)
INSERT INTO cost_modules (id, name, cis_control, cost_factor, cost_type, description, created_at) VALUES
(1,'Breach Investigation','{7,7.1,7.2}',10000,'fixed','Fixed cost for conducting a breach investigation','2025-05-18 08:06:57.349881'),
(2,'Breach Notification','{13,13.1,13.2}',5,'per_event','Cost per affected record for notification','2025-05-18 08:06:57.349881'),
(3,'System Recovery','{11,11.1,11.2}',5000,'fixed','Fixed cost for system recovery after breach','2025-05-18 08:06:57.349881'),
(4,'Legal Consultation','{17,17.1,17.2}',350,'per_hour','Legal consultation costs per hour','2025-05-18 08:06:57.349881'),
(5,'Regulatory Fines','{2,2.1,2.2}',0.06,'percentage','Percentage of total loss for regulatory fines','2025-05-18 08:06:57.349881'),
(6,'Lost Productivity','{8,8.1,8.2}',0.15,'percentage','Percentage of total loss from lost productivity','2025-05-18 08:06:57.349881'),
(7,'Reputation Damage','{4,14,14.1}',0.2,'percentage','Percentage of total loss from reputation damage','2025-05-18 08:06:57.349881'),
(8,'Customer Loss','{5,15,15.1}',0.25,'percentage','Percentage of total loss from customer churn','2025-05-18 08:06:57.349881'),
(9,'Incident Response Team','{10,10.1,10.2}',15000,'fixed','Cost for incident response team deployment','2025-05-18 08:06:57.349881'),
(10,'Forensic Services','{12,12.1,12.2}',20000,'fixed','Cost for forensic analysis services','2025-05-18 08:06:57.349881');

-- Insert ALL Control Library (133 records)
INSERT INTO control_library (id, control_id, name, description, control_type, control_category, implementation_status, control_effectiveness, implementation_cost, cost_per_agent, is_per_agent_pricing, notes, nist_csf, iso27001, created_at, updated_at, associated_risks, library_item_id, item_type, asset_id, risk_id, legal_entity_id, deployed_agent_count) VALUES
(5,'CIS-6-TPL','Access Control Management','Use processes and tools to create, assign, manage, and revoke access credentials and privileges for user, administrator, and service accounts for enterprise assets and software.','preventive','administrative','not_implemented',8.2,9000.00,45.00,true,'CIS Controls v8.1.2, March 2025','{}','{}','2025-05-15 13:17:57.9737','2025-05-15 13:17:57.9737',NULL,NULL,'template',NULL,NULL,NULL,NULL),
(32,'1.1','Establish and Maintain Detailed Enterprise Asset Inventory','Maintain an accurate, detailed inventory of all enterprise assets.','preventive','technical','planned',0,0.00,0.00,false,'','{}','{}','2025-05-18 12:40:40.889698','2025-05-18 17:18:40.475497',NULL,NULL,NULL,NULL,NULL,NULL,NULL),
(33,'1.2','Address Unauthorized Assets','Process to identify and remove or quarantine unauthorized assets.','detective','technical','planned',0,0.00,0.00,false,'','{}','{}','2025-05-18 12:40:40.889698','2025-05-18 17:18:40.475497',NULL,NULL,NULL,NULL,NULL,NULL,NULL),
(34,'1.3','Utilize an Active Discovery Tool','Automate daily active scans to discover assets on the network.','detective','technical','planned',0,0.00,0.00,false,'','{}','{}','2025-05-18 12:40:40.889698','2025-05-18 17:18:40.475497',NULL,NULL,NULL,NULL,NULL,NULL,NULL),
(35,'1.4','Use DHCP Logging to Update Enterprise Asset Inventory','Parse DHCP logs to enrich asset inventory.','detective','technical','planned',0,0.00,0.00,false,'','{}','{}','2025-05-18 12:40:40.889698','2025-05-18 17:18:40.475497',NULL,NULL,NULL,NULL,NULL,NULL,NULL),
(36,'1.5','Use a Passive Asset Discovery Tool','Monitor network traffic passively to identify assets.','detective','technical','planned',0,0.00,0.00,false,'','{}','{}','2025-05-18 12:40:40.889698','2025-05-18 17:18:40.475497',NULL,NULL,NULL,NULL,NULL,NULL,NULL);

-- Insert ALL Risk Library (25 records)
INSERT INTO risk_library (id, risk_id, name, description, threat_community, vulnerability, risk_category, severity, contact_frequency_min, contact_frequency_avg, contact_frequency_max, contact_frequency_confidence, probability_of_action_min, probability_of_action_avg, probability_of_action_max, probability_of_action_confidence, threat_capability_min, threat_capability_avg, threat_capability_max, threat_capability_confidence, resistance_strength_min, resistance_strength_avg, resistance_strength_max, resistance_strength_confidence, primary_loss_magnitude_min, primary_loss_magnitude_avg, primary_loss_magnitude_max, primary_loss_magnitude_confidence, secondary_loss_event_frequency_min, secondary_loss_event_frequency_avg, secondary_loss_event_frequency_max, secondary_loss_event_frequency_confidence, secondary_loss_magnitude_min, secondary_loss_magnitude_avg, secondary_loss_magnitude_max, secondary_loss_magnitude_confidence, recommended_controls, created_at, updated_at) VALUES
(1,'RISK-ORPHANED-ACCOUN-276-TPL','Orphaned accounts, excessive privileges','Risk of orphaned accounts, excessive privileges incidents affecting enterprise assets and data.','External Threat Actor','System Vulnerability','operational','medium',12,24,69,'medium',0.01,0.3,0.1,'high',3,5,8,'high',2,4,9,'high',1.0561117e+07,3.168335e+07,6.33667e+07,'medium',0.1,0.3,0.5,'medium',5000,25000,100000,'medium','{}','2025-05-15 11:42:04.947472','2025-05-15 11:42:04.947472'),
(2,'RISK-LACK-OF-VISIBIL-973-TPL','Lack of visibility, undetected breaches','Risk of lack of visibility, undetected breaches incidents affecting enterprise assets and data.','External Threat Actor','System Vulnerability','operational','medium',12,24,48,'medium',0.1,0.3,0.5,'medium',3,5,7,'medium',2,4,6,'medium',1.5061117e+07,4.5183352e+07,9.0366704e+07,'medium',0.1,0.3,0.5,'medium',5000,10000,1.1e+06,'medium','{}','2025-05-15 11:42:04.947472','2025-05-15 11:42:04.947472'),
(3,'RISK-UNKNOWN-VULNERA-913-TPL','Unknown vulnerabilities','Risk of unknown vulnerabilities incidents affecting enterprise assets and data.','External Threat Actor','System Vulnerability','operational','medium',12,24,48,'medium',0.1,0.3,0.5,'medium',3,5,7,'medium',2,4,6,'medium',5e+06,1.5e+07,3e+07,'medium',0.1,0.3,0.5,'medium',5000,25000,100000,'medium','{}','2025-05-15 11:42:04.947472','2025-05-15 11:42:04.947472'),
(4,'RISK-EXPLOITED-SOFTW-277-TPL','Exploited software flaws','Risk of exploited software flaws incidents affecting enterprise assets and data.','External Threat Actor','System Vulnerability','operational','medium',12,24,48,'medium',0.1,0.3,0.5,'medium',4,6,10,'medium',4,6,10,'high',9.5e+06,2.85e+07,5.7e+07,'medium',0.1,0.3,0.5,'medium',5000,25000,100000,'medium','{}','2025-05-15 11:42:04.947472','2025-05-15 11:42:04.947472'),
(6,'RISK-UNSEGMENTED-NET-571-TPL','Unsegmented network, rogue devices','Risk of unsegmented network, rogue devices incidents affecting enterprise assets and data.','External Threat Actor','System Vulnerability','operational','medium',12,24,48,'medium',0.1,0.3,0.5,'medium',3,5,7,'medium',2,4,6,'medium',10000,50000,200000,'medium',0.1,0.3,0.5,'medium',5000,25000,100000,'medium','{}','2025-05-15 11:42:04.947472','2025-05-15 11:42:04.947472'),
(7,'RISK-THIRD-PARTY-RIS-177-TPL','Third-party risk, vendor compromise','Risk of third-party risk, vendor compromise incidents affecting enterprise assets and data.','External Threat Actor','System Vulnerability','operational','medium',12,24,48,'medium',0.1,0.3,0.5,'medium',3,5,9,'medium',2,4,8,'medium',10000,50000,200000,'medium',0.1,0.3,0.5,'medium',5000,25000,100000,'medium','{}','2025-05-15 11:42:04.947472','2025-05-15 11:42:04.947472'),
(8,'RISK-UNMANAGED-DEVIC-414-TPL','Unmanaged devices, shadow IT','Risk of unmanaged devices, shadow it incidents affecting enterprise assets and data.','External Threat Actor','System Vulnerability','operational','medium',12,24,48,'medium',0.1,0.3,0.5,'medium',3,5,7,'medium',2,4,6,'medium',9.5e+06,2.85e+07,5.7e+07,'medium',0.1,0.3,0.5,'medium',5000,25000,100000,'medium','{}','2025-05-15 11:42:04.947472','2025-05-15 11:42:04.947472'),
(9,'RISK-UNAUTHORIZED-SO-757-TPL','Unauthorized software, unpatched vulnerabilities','Risk of unauthorized software, unpatched vulnerabilities incidents affecting enterprise assets and data.','External Threat Actor','System Vulnerability','operational','medium',12,24,48,'medium',0.1,0.3,0.5,'medium',3,5,7,'medium',2,4,6,'medium',100000,5e+06,2e+07,'medium',0.1,0.3,0.5,'medium',5000,25000,100000,'medium','{}','2025-05-15 11:42:04.947472','2025-05-15 11:42:04.947472'),
(10,'RISK-PHISHING-ATTACK-407-TPL','Phishing attacks, malware delivery','Risk of phishing attacks, malware delivery incidents affecting enterprise assets and data.','External Threat Actor','System Vulnerability','operational','medium',12,24,65,'medium',0.1,0.3,0.5,'medium',3,5,8,'medium',2,4,6,'medium',1.5561117e+07,4.6683352e+07,9.3366704e+07,'medium',0.1,0.3,0.5,'medium',158879,294393,1.1e+07,'medium','{}','2025-05-15 11:42:04.947472','2025-05-15 11:42:04.947472'),
(11,'RISK-UNCOORDINATED-R-583-TPL','Uncoordinated response, delayed recovery','Risk of uncoordinated response, delayed recovery incidents affecting enterprise assets and data.','External Threat Actor','System Vulnerability','operational','medium',12,24,48,'medium',0.1,0.3,0.5,'medium',3,5,7,'medium',2,4,6,'medium',4.5e+06,1.35e+07,2.7e+07,'medium',0.1,0.3,0.5,'medium',5000,25000,100000,'medium','{}','2025-05-15 11:42:04.947472','2025-05-15 11:42:04.947472'),
(12,'RISK-INSECURE-SOFTWA-165-TPL','Insecure software, OWASP Top 10','Risk of insecure software, owasp top 10 incidents affecting enterprise assets and data.','External Threat Actor','System Vulnerability','operational','medium',12,24,48,'medium',0.1,0.3,0.5,'medium',3,5,7,'medium',2,4,6,'medium',10000,50000,200000,'medium',0.1,0.3,0.5,'medium',5000,25000,100000,'medium','{}','2025-05-15 11:42:04.947472','2025-05-15 11:42:04.947472'),
(13,'RISK-PHISHING--SOCIA-698-TPL','Phishing, social engineering','Risk of phishing, social engineering incidents affecting enterprise assets and data.','External Threat Actor','System Vulnerability','operational','medium',12,24,48,'medium',0.1,0.3,0.5,'medium',3,5,7,'medium',2,4,6,'medium',10000,50000,200000,'medium',0.1,0.3,0.5,'medium',5000,25000,100000,'medium','{}','2025-05-15 11:42:04.947472','2025-05-15 11:42:04.947472'),
(14,'RISK-DATA-LEAKAGE--U-151-TPL','Test Risk','Risk of data leakage, unauthorized access incidents affecting enterprise assets and data.','External Threat Actor','System Vulnerability','operational','medium',12,24,48,'medium',0.1,0.3,0.5,'medium',3,5,7,'medium',2,4,6,'medium',8,8,1e+07,'medium',0.1,0.3,0.5,'medium',5000,25000,100000,'medium','{}','2025-05-15 11:42:04.947472','2025-05-15 11:42:04.947472'),
(15,'RISK-UNAUTHORIZED-AC-969-TPL','Unauthorized access, privilege escalation','Risk of unauthorized access, privilege escalation incidents affecting enterprise assets and data.','External Threat Actor','System Vulnerability','operational','medium',12,24,48,'medium',0.1,0.3,0.5,'medium',3,5,7,'medium',2,4,6,'medium',202797,384615,1e+07,'medium',0.1,0.3,0.5,'medium',5000,25000,100000,'medium','{}','2025-05-15 11:42:04.947472','2025-05-15 11:42:04.947472'),
(16,'RISK-MISCONFIGURATIO-345-TPL','Misconfigurations, default credentials','Risk of misconfigurations, default credentials incidents affecting enterprise assets and data.','External Threat Actor','System Vulnerability','operational','high',12,24,48,'medium',0.1,0.3,0.5,'medium',3,5,7,'medium',2,4,6,'medium',10000,50000,2e+07,'medium',0.1,0.3,0.5,'medium',5000,25000,1e+07,'medium','{}','2025-05-15 11:42:04.947472','2025-05-15 11:42:04.947472'),
(18,'TPL-RANSOMWARE-001','Ransomware Attack Template','Template for ransomware attacks on enterprise systems','External Threat Actor','System Vulnerability','operational','high',12,24,48,'medium',0.1,0.3,0.5,'medium',3,5,9,'medium',2,4,8,'medium',100000,500000,2e+06,'medium',0,0,0,'Medium',0,0,0,'Medium','{}','2025-05-18 11:10:03.766034','2025-05-18 11:10:03.766034'),
(19,'TPL-PHISHING-001','Phishing Campaign Template','Template for targeted phishing campaigns against employees','External Threat Actor','Social Engineering','operational','medium',24,52,104,'medium',0.2,0.4,0.6,'medium',2,4,7,'medium',3,5,8,'medium',50000,200000,750000,'medium',0,0,0,'Medium',0,0,0,'Medium','{}','2025-05-18 11:10:03.766034','2025-05-18 11:10:03.766034'),
(20,'TPL-DATA-BREACH-001','Data Breach Template','Template for data breaches exposing sensitive customer information','External Threat Actor','Inadequate Access Controls','compliance','critical',6,12,24,'medium',0.3,0.5,0.8,'medium',5,7,10,'medium',3,5,7,'medium',500000,2e+06,5e+06,'medium',0,0,0,'Medium',0,0,0,'Medium','{}','2025-05-18 11:10:03.766034','2025-05-18 11:10:03.766034'),
(21,'TPL-INSIDER-THREAT-001','Insider Threat Template','Template for malicious insider activities including data theft and sabotage','Internal Threat Actor','Excessive Privileges','operational','high',2,4,8,'medium',0.05,0.1,0.2,'medium',6,8,10,'medium',3,5,7,'medium',250000,750000,2e+06,'medium',0,0,0,'Medium',0,0,0,'Medium','{}','2025-05-18 11:10:03.766034','2025-05-18 11:10:03.766034'),
(22,'TPL-SUPPLY-CHAIN-001','Supply Chain Attack Template','Template for attacks targeting the organization supply chain or vendors','External Threat Actor','Third-Party Security','operational','high',4,8,16,'medium',0.1,0.2,0.4,'medium',7,8,10,'medium',2,4,6,'medium',300000,1e+06,3e+06,'medium',0,0,0,'Medium',0,0,0,'Medium','{}','2025-05-18 11:10:03.766034','2025-05-18 11:10:03.766034'),
(23,'RL-DATA-BREACH-001','Data breach of customer PII','Unauthorized access to personally identifiable information','External cybercriminals','Insufficient access controls','operational','critical',2,5,12,'medium',0.1,0.3,0.5,'medium',0.5,0.7,0.85,'high',0.3,0.5,0.7,'medium',500000,2e+06,5e+06,'medium',0.3,0.6,0.9,'medium',100000,500000,1.5e+06,'medium','{1.1,3.6,5.4,10.2}','2025-05-18 11:24:14.702727','2025-05-18 11:24:14.702727'),
(24,'RL-RANSOMWARE-002','Ransomware attack','Malicious encryption of systems for ransom','Organized cybercrime','Unpatched systems and social engineering','operational','critical',1,3,8,'medium',0.2,0.4,0.6,'medium',0.6,0.8,0.9,'high',0.4,0.6,0.8,'medium',1e+06,3e+06,1e+07,'medium',0.4,0.7,0.95,'medium',500000,1e+06,3e+06,'medium','{4.4,7.4,11.2,17.1}','2025-05-18 11:24:14.702727','2025-05-18 11:24:14.702727'),
(25,'RL-COMPLIANCE-003','Regulatory non-compliance','Failure to comply with data protection regulations','Regulatory authorities','Incomplete compliance program','compliance','high',1,2,4,'high',0.3,0.5,0.7,'high',0.7,0.85,0.95,'high',0.3,0.5,0.7,'medium',750000,2.5e+06,8e+06,'medium',0.5,0.8,1,'high',1e+06,3e+06,7e+06,'high','{3.1,5.6,15.3,17.5}','2025-05-18 11:24:14.702727','2025-05-18 11:24:14.702727'),
(26,'RL-SUPPLY-CHAIN-004','Supply chain compromise','Security breach via third-party vendor or supplier','Nation-state actors','Inadequate third-party risk management','strategic','high',1,2,5,'low',0.1,0.25,0.4,'low',0.7,0.9,0.98,'high',0.2,0.4,0.6,'low',1e+06,5e+06,1.5e+07,'low',0.6,0.85,1,'medium',2e+06,8e+06,2e+07,'low','{15.1,15.6,15.7}','2025-05-18 11:24:14.702727','2025-05-18 11:24:14.702727'),
(27,'RL-CREDENTIAL-005','Credential theft','Unauthorized acquisition of login credentials','Individual hackers','Weak password policies','operational','medium',10,50,100,'high',0.3,0.6,0.8,'medium',0.3,0.5,0.7,'medium',0.4,0.6,0.8,'medium',50000,200000,500000,'medium',0.2,0.5,0.8,'medium',25000,100000,300000,'medium','{5.2,5.6,6.4,6.5}','2025-05-18 11:24:14.702727','2025-05-18 11:24:14.702727');

-- Insert ALL Risks (4 records)
INSERT INTO risks (id, risk_id, name, description, associated_assets, threat_community, vulnerability, risk_category, severity, contact_frequency, probability_of_action, threat_event_frequency, threat_capability, resistance_strength, susceptibility, loss_event_frequency, primary_loss_magnitude, secondary_loss_event_frequency, secondary_loss_magnitude, probable_loss_magnitude, inherent_risk, residual_risk, rank_percentile, created_at, updated_at, contact_frequency_min, contact_frequency_avg, contact_frequency_max, contact_frequency_confidence, probability_of_action_min, probability_of_action_avg, probability_of_action_max, probability_of_action_confidence, threat_event_frequency_min, threat_event_frequency_avg, threat_event_frequency_max, threat_event_frequency_confidence, threat_capability_min, threat_capability_avg, threat_capability_max, threat_capability_confidence, resistance_strength_min, resistance_strength_avg, resistance_strength_max, resistance_strength_confidence, susceptibility_min, susceptibility_avg, susceptibility_max, susceptibility_confidence, loss_event_frequency_min, loss_event_frequency_avg, loss_event_frequency_max, loss_event_frequency_confidence, primary_loss_magnitude_min, primary_loss_magnitude_avg, primary_loss_magnitude_max, primary_loss_magnitude_confidence, secondary_loss_event_frequency_min, secondary_loss_event_frequency_avg, secondary_loss_event_frequency_max, secondary_loss_event_frequency_confidence, secondary_loss_magnitude_min, secondary_loss_magnitude_avg, secondary_loss_magnitude_max, secondary_loss_magnitude_confidence, loss_magnitude_min, loss_magnitude_avg, loss_magnitude_max, loss_magnitude_confidence, notes, library_item_id, item_type, vulnerability_ids, cis_controls, applicable_cost_modules) VALUES
(52,'RISK-RANSOMWARE-439','Ransomware Attack Template','Template for ransomware attacks on enterprise systems','{AST-002}','External Threat Actor','System Vulnerability','operational','high',0,0,0,0,0,0.00000000,0,0,0,0,0,50293905.98,30930752.17,0,'2025-05-18 11:10:03.766','2025-05-18 11:10:03.766',12,24,48,'medium',0.1,0.3,0.5,'medium',1.2,0,24,'medium',1,2,5,'medium',10,10,10,'medium',0,0,0,'Medium',0,0,0,'Medium',3000000.00,9000000.00,18000000.00,'medium',0.1,0.5,1,'medium',195000.00,555000.00,1095000.00,'high',3195000.00,9555000.00,19095000.00,'medium','',18,'instance',NULL,'{}','{}'),
(53,'RISK-DATA-299','Data breach of customer PII','Unauthorized access to personally identifiable information','{AST-001}','External cybercriminals','Insufficient access controls','operational','critical',0,0,0,0,0,0.00000000,0,0,0,0,0,27717685.00,17323553.13,0,'2025-05-18 11:24:14.702','2025-05-18 11:24:14.702',2,5,12,'medium',0.1,0.3,0.5,'medium',0.2,0,6,'medium',0.5,0.7,0.85,'high',6.3,8,9.7,'medium',0,0,0,'Medium',0,0,0,'Medium',10000000.00,25000000.00,40000000.00,'medium',0.3,0.6,0.9,'medium',2600005.00,6500005.00,10400005.00,'medium',12600005.00,31500005.00,50400005.00,'medium','',23,'instance',NULL,'{}','{}'),
(54,'RISK-CREDENTIAL-534','Credential theft','Unauthorized acquisition of login credentials','{AST-001}','Individual hackers','Weak password policies','operational','medium',0,0,0,0,0,0.00000000,0,0,0,0,0,127332977.45,127332977.45,0,'2025-05-18 11:24:14.702','2025-05-18 11:24:14.702',10,50,100,'high',0.3,0.6,0.8,'medium',3,0,80,'medium',0.3,0.5,0.7,'medium',0.4,0.6,0.8,'medium',0,0,0,'Medium',0,0,0,'Medium',2500000.00,7500000.00,15000000.00,'medium',0.2,0.5,0.8,'medium',25000.00,100000.00,300000.00,'medium',2505000.00,7550000.00,15240000.00,'medium','',27,'instance',NULL,'{}','{}'),
(55,'RISK-TEST-001','Testing Delayed Trigger Execution','Testing automatic risk summary updates','{AST-001}','Internal','Configuration Error','operational','medium',0,0,0,0,0,0.00000000,0,0,0,0,0,25000.00,15000.00,0,'2025-06-10 23:37:45.096493','2025-06-10 23:37:45.096493',0.1,0.5,1,'medium',0.2,0.6,0.9,'medium',0,0,0,'Medium',0.3,0.7,0.95,'medium',0.1,0.4,0.8,'medium',0,0,0,'Medium',0,0,0,'Medium',10000.00,50000.00,100000.00,'medium',0,0,0,'Medium',0.00,0.00,0.00,'Medium',0.00,0.00,0.00,'Medium','',NULL,'instance',NULL,'{}','{}');

-- Insert ALL Controls (2 records)
INSERT INTO controls (id, control_id, name, description, associated_risks, control_type, control_category, implementation_status, control_effectiveness, implementation_cost, notes, created_at, updated_at, cost_per_agent, is_per_agent_pricing, library_item_id, item_type, asset_id, risk_id, legal_entity_id, deployed_agent_count, e_avoid, e_deter, e_detect, e_resist, var_freq, var_duration) VALUES
(28,'10.2-2530','Deploy Anti-Malware/EDR on All End-Points','Install agents enterprise-wide.','{52}','preventive','technical','fully_implemented',7.70,0.00,'','2025-06-10 23:05:22.54647','2025-06-10 23:05:22.54647',20.00,true,107,'instance',NULL,52,NULL,0,0.00,0.00,0.00,0.00,0,0),
(29,'3.11-7203','Encrypt Sensitive Data at Rest','Use server-side or client-side encryption on storage.','{53}','preventive','technical','fully_implemented',7.50,10.00,'','2025-06-10 23:22:37.219441','2025-06-10 23:22:37.219441',0.00,false,54,'instance',NULL,53,NULL,0,0.00,0.00,0.00,0.00,0,0);

-- Insert ALL Vulnerabilities (4 records)
INSERT INTO vulnerabilities (id, cve_id, discovery_date, severity_cvss3, exploitability_subscore, impact_subscore, temporal_score, status, remediation_date, patchable, source, e_detect, e_resist, variance_freq, variance_duration, created_at, updated_at, title, description, cvss_score, cvss_vector, discovered_date, remediated_date, published_date, modified_date, e_detect_impact, e_resist_impact, vuln_references, tags, remediation, severity) VALUES
(8,'CVE-2024-0001','2025-06-06 00:35:08.966349',9.80,NULL,NULL,NULL,'open',NULL,true,'scanner',NULL,NULL,NULL,NULL,'2025-06-11 00:35:08.966349','2025-06-11 00:35:08.966349','Critical Remote Code Execution','A critical vulnerability allowing remote code execution in web applications',9.8,'CVSS:3.1/AV:N/AC:L/PR:N/UI:N/S:U/C:H/I:H/A:H','2025-06-06 00:35:08.966349',NULL,NULL,NULL,0.3,0.4,'[]','[]',NULL,'critical'),
(9,'CVE-2024-0002','2025-06-01 00:35:08.966349',8.10,NULL,NULL,NULL,'in_progress',NULL,true,'scanner',NULL,NULL,NULL,NULL,'2025-06-11 00:35:08.966349','2025-06-11 00:35:08.966349','SQL Injection in Database Layer','SQL injection vulnerability in the database access layer',8.1,'CVSS:3.1/AV:N/AC:L/PR:L/UI:N/S:U/C:H/I:H/A:N','2025-06-01 00:35:08.966349',NULL,NULL,NULL,0.2,0.3,'[]','[]',NULL,'high'),
(10,'CVE-2024-0003','2025-06-08 00:35:08.966349',6.10,NULL,NULL,NULL,'open',NULL,true,'pen_test',NULL,NULL,NULL,NULL,'2025-06-11 00:35:08.966349','2025-06-11 00:35:08.966349','Cross-Site Scripting Vulnerability','Stored XSS vulnerability in user input fields',6.1,'CVSS:3.1/AV:N/AC:L/PR:N/UI:R/S:C/C:L/I:L/A:N','2025-06-08 00:35:08.966349',NULL,NULL,NULL,0.1,0.1,'[]','[]',NULL,'medium'),
(11,'CVE-2024-0004','2025-05-27 00:35:08.966349',5.30,NULL,NULL,NULL,'remediated',NULL,true,'manual',NULL,NULL,NULL,NULL,'2025-06-11 00:35:08.966349','2025-06-11 00:35:08.966349','Information Disclosure','Sensitive information disclosed in error messages',5.3,'CVSS:3.1/AV:N/AC:L/PR:N/UI:N/S:U/C:L/I:N/A:N','2025-05-27 00:35:08.966349',NULL,NULL,NULL,0.05,0,'[]','[]',NULL,'medium');

-- Insert ALL Enterprise Architecture (3 records)
INSERT INTO enterprise_architecture (id, asset_id, name, description, level, type, architecture_domain, parent_id, created_at, updated_at) VALUES
(1,'SC-902','Information Security','','L1','strategic_capability','Information Security',NULL,'2025-05-21 12:05:15.850044','2025-05-21 12:05:15.850044'),
(2,'VC-401','Cyber Defense Department','','L2','value_capability','Information Security',1,'2025-05-21 12:05:39.764466','2025-05-21 12:05:39.764466'),
(3,'BS-609','Threat Detection & Monitoring','','L3','business_service','Information Security',2,'2025-05-21 12:06:32.31958','2025-05-21 12:06:32.31958');

-- Insert ALL Risk Controls (2 records)
INSERT INTO risk_controls (id, risk_id, control_id, effectiveness, notes, created_at, updated_at) VALUES
(4,52,28,0,'','2025-06-10 23:05:22.78189','2025-06-10 23:05:22.78189'),
(5,53,29,0,'','2025-06-10 23:22:37.403271','2025-06-10 23:22:37.403271');

-- Insert ALL Risk Costs (5 records)
INSERT INTO risk_costs (id, risk_id, cost_module_id, weight, created_at) VALUES
(13,52,9,9.5,'2025-06-10 23:07:33.752071'),
(14,52,5,0.4,'2025-06-10 23:07:33.752071'),
(18,53,2,10,'2025-06-10 23:22:04.739918'),
(19,53,5,0.4,'2025-06-10 23:22:04.739918'),
(20,53,7,2.4,'2025-06-10 23:22:04.739918');